{
    "last-five-canvas": [
        "sample",
        "xd",
        "teste"
    ],
    "theme": {
        "middle-color": [
            0.9333333333333333,
            0.8901960784313725,
            0.6784313725490196
        ],
        "background-main": [
            0.28627450980392155,
            0.3333333333333333,
            0.34901960784313724
        ],
        "background-canvas": [
            0.3568627450980392,
            0.43137254901960786,
            0.4549019607843137
        ],
        "floatlayout-bar": [
            0.7607843137254902,
            0.6941176470588235,
            0.611764705882353
        ],
        "button-floatlayout": [
            0.6705882352941176,
            0.611764705882353,
            0.5411764705882353
        ],
        "button-floatlayout-pressed": [
            0.7607843137254902,
            0.6941176470588235,
            0.611764705882353
        ],
        "text-color": [
            0.0,
            0.0,
            0.0
        ]
    }
}