{
    "widgets": {
        "ButtonBar0": {
            "type": "buttonbar",
            "pos": [
                1600.0,
                1600.0
            ],
            "size": [
                653.0,
                115.0
            ],
            "code": [
                "",
                1
            ],
            "itens": [
                "deletar",
                "salvar"
            ]
        }
    },
    "size": [
        4000,
        4000
    ],
    "pos": [
        0.45240384615384616,
        0.4532258064516129
    ]
}