{
    "Checklist0": {
        "type": "checklist",
        "itens": [
            [
                false,
                "item 0"
            ],
            [
                false,
                "item 1"
            ],
            [
                false,
                "item 2"
            ],
            [
                false,
                "item 3"
            ],
            [
                false,
                "item 4"
            ],
            [
                false,
                "item 5"
            ],
            [
                false,
                "item 6"
            ],
            [
                false,
                "item 7"
            ],
            [
                false,
                "item 8"
            ],
            [
                false,
                "item 9"
            ],
            [
                false,
                "item 10"
            ],
            [
                false,
                "item 11"
            ],
            [
                false,
                "item 12"
            ],
            [
                false,
                "item 13"
            ],
            [
                false,
                "item 14"
            ],
            [
                false,
                "item 15"
            ],
            [
                false,
                "item 16"
            ],
            [
                false,
                "item 17"
            ],
            [
                false,
                "item 18"
            ],
            [
                false,
                "item 19"
            ]
        ],
        "pos": {
            "x": 0.0004557291666666667,
            "y": 0.3344606782106783
        },
        "size": [
            0.16516927083333333,
            0.6036829332283877
        ]
    },
    "Markdown1": {
        "type": "markdown",
        "text": "espero que esse texto se mantenha do mesmo tamanho at\u00e9 o fim do teste",
        "pos": {
            "x": 0.39866536458333335,
            "y": 0.2756091761773582
        },
        "size": [
            0.18779296875,
            0.6363509653798909
        ]
    },
    "FloatWidget2": {
        "type": "floatwidget",
        "pos": {
            "x": 0.803515625,
            "y": 0.3837481962481963
        },
        "size": [
            0.18229166666666666,
            0.34523809523809523
        ]
    }
}