{
    "Markdown0": {
        "type": "markdown",
        "text": "espero que esse texto se mantenha do mesmo tamanho at\u00e9 o fim do teste vuahahahahah",
        "pos": {
            "x": 0.39866536458333335,
            "y": 0.2756091761773582
        },
        "size": [
            0.18779296875,
            0.6363509653798909
        ]
    },
    "FloatWidget1": {
        "type": "floatwidget",
        "pos": {
            "x": 0.803515625,
            "y": 0.3837481962481963
        },
        "size": [
            0.18229166666666666,
            0.34523809523809523
        ]
    },
    "Checklist2": {
        "type": "checklist",
        "itens": [
            [
                false,
                "acordar"
            ],
            [
                false,
                "estudar"
            ],
            [
                false,
                "correr"
            ],
            [
                false,
                "abra\u00e7ar meus pais"
            ],
            [
                false,
                "viajar o mundo"
            ],
            [
                false,
                "socializar"
            ]
        ],
        "pos": {
            "x": 0.011002604166666667,
            "y": 0.2734036796536797
        },
        "size": [
            0.1109375,
            0.6021825396825397
        ]
    }
}